408,269,229,248,256,251,142,107,124,128,162,107,121,0,79,74,83,62,0,36,104,37,80,87,72,74,50,43,57,36,69,35,33,45,47,46,30,20,23,39,32,21,30,39,24,25,23,34,18,40
506,234,202,229,195,220,148,136,142,154,162,122,104,37,80,52,62,57,25,30,67,42,66,86,36,62,63,46,42,57,46,48,28,56,29,42,21,31,25,47,18,24,29,34,27,28,16,18,30,25
641,331,221,318,188,121,171,126,125,123,119,86,121,64,76,92,66,45,34,33,28,34,51,52,29,63,44,58,54,55,70,39,36,68,37,34,56,25,11,53,41,36,21,23,23,28,23,20,33,34
612,323,242,270,214,59,139,149,95,129,248,81,222,64,141,79,60,78,31,54,16,40,63,34,17,48,49,47,70,38,80,41,33,45,26,29,49,22,20,34,50,62,24,14,34,40,25,26,35,25
398,229,216,218,204,225,143,113,138,96,98,108,101,42,54,61,52,42,58,49,68,50,58,77,39,54,52,26,21,27,48,23,20,32,25,14,39,29,19,29,23,16,23,25,25,23,24,20,30,25
375,238,212,181,212,240,130,90,116,128,146,132,96,6,55,71,87,73,13,45,68,64,49,99,57,69,48,38,34,36,43,34,37,30,26,17,33,25,25,51,19,10,40,36,27,24,20,18,26,25
464,264,220,220,203,210,135,139,154,166,128,121,77,50,53,72,74,69,36,69,51,66,64,92,51,73,43,33,40,29,57,34,38,42,19,33,40,30,19,45,33,29,31,28,31,16,24,20,19,30
487,242,204,223,195,208,109,136,146,153,146,107,146,18,75,58,75,53,19,47,44,65,62,104,37,72,44,29,51,43,63,24,41,32,32,30,43,28,27,36,29,21,33,25,25,36,28,18,13,29
498,260,208,246,184,236,172,117,142,133,147,99,112,6,66,70,70,53,5,45,92,53,60,75,48,89,57,30,36,41,83,35,27,46,26,40,58,28,17,33,30,18,27,20,26,29,22,25,29,21
462,246,195,217,233,181,145,98,107,116,148,99,108,42,82,72,77,49,39,45,53,42,51,89,32,79,43,29,54,28,60,27,32,53,32,39,41,20,20,41,30,9,25,30,21,55,34,13,20,19
469,195,200,246,233,207,138,85,154,136,93,142,83,9,58,63,53,60,10,60,95,37,56,100,44,66,41,36,31,60,67,22,36,33,39,33,37,22,19,43,22,8,31,25,20,29,24,9,28,47
453,241,195,212,199,207,149,90,117,127,91,116,78,57,52,67,60,64,47,49,98,41,57,92,46,62,36,24,22,41,74,27,32,54,24,34,38,20,17,51,39,10,31,14,21,32,26,8,22,34
489,268,218,233,248,298,128,133,162,153,96,96,69,24,63,52,61,50,21,44,118,44,79,69,62,62,46,30,17,34,80,37,32,35,28,24,51,15,17,69,31,12,23,33,28,18,30,13,29,17
426,199,177,170,189,191,140,81,120,132,66,102,53,64,68,49,66,49,57,41,64,46,54,115,38,76,51,30,13,48,46,32,31,41,27,35,35,14,9,32,26,23,29,28,23,40,16,9,22,27
397,234,282,193,211,314,138,112,138,153,144,126,106,37,77,82,58,64,43,61,101,62,54,76,78,104,64,24,56,35,48,38,53,31,24,28,34,23,29,38,27,12,30,21,33,37,30,12,22,21
390,212,253,165,204,289,142,114,140,156,122,147,97,49,96,66,63,70,55,60,79,81,72,96,64,76,72,28,36,34,67,34,43,39,27,31,23,38,26,23,16,19,38,32,29,37,21,24,20,25
457,210,187,243,186,174,126,105,127,164,102,101,126,11,60,59,71,60,5,48,54,52,63,95,39,73,48,35,31,53,78,22,41,44,33,37,41,18,20,15,25,19,18,32,18,41,15,20,18,18
387,162,166,194,153,164,129,77,149,155,91,161,56,2,55,59,37,54,3,47,54,47,39,124,40,87,48,25,13,57,44,29,26,41,31,33,34,38,30,72,17,20,30,30,14,25,22,26,14,44
480,268,179,240,237,213,131,115,153,127,107,126,74,18,62,66,54,64,20,60,69,51,47,81,50,57,36,26,24,39,41,27,30,40,27,42,40,28,28,64,28,12,27,35,17,26,24,17,21,26
532,289,251,237,194,280,157,158,182,210,192,121,111,47,79,84,67,70,32,64,86,71,57,108,61,92,50,50,79,48,70,49,42,55,39,37,40,41,42,90,41,22,44,34,26,28,42,21,25,23
504,233,216,241,192,329,108,131,153,180,138,121,88,27,86,59,54,66,32,77,106,69,58,69,57,81,61,39,60,49,64,38,30,57,24,46,38,33,38,27,31,15,33,22,20,33,25,23,16,29
412,207,198,170,163,228,108,83,121,170,125,158,99,22,74,59,55,49,12,57,67,69,41,105,62,96,48,29,52,47,42,30,31,38,23,35,39,41,33,100,20,6,43,17,24,35,18,7,12,44
320,168,186,178,208,274,109,100,160,123,128,208,82,24,50,89,46,54,35,51,87,47,54,62,75,71,40,23,45,31,42,44,36,29,16,17,24,53,32,24,16,9,44,35,14,18,18,22,21,30
515,195,233,314,275,248,129,134,159,153,106,103,72,0,59,77,74,42,1,50,71,57,59,89,39,56,64,21,28,56,86,28,25,44,29,25,38,35,23,27,26,16,32,54,22,27,17,25,16,26
622,297,215,347,240,188,186,81,142,145,116,106,109,2,42,79,96,69,1,45,61,25,52,112,38,61,48,42,30,47,93,43,25,33,32,35,63,22,28,118,32,28,30,42,20,18,20,22,31,37
599,268,214,310,225,169,132,155,176,137,84,61,95,0,89,67,81,59,0,55,42,49,63,61,20,59,55,24,22,49,91,27,42,63,35,35,40,18,27,161,61,20,18,39,32,24,13,25,36,18
543,240,214,345,266,169,160,133,158,135,56,36,64,0,80,99,97,56,0,56,72,49,62,41,30,69,54,38,18,56,90,53,39,45,45,26,38,16,29,172,74,27,39,28,17,25,22,31,26,26
609,311,215,342,239,368,192,211,175,153,76,56,81,2,121,86,90,81,1,70,151,56,59,31,77,74,49,38,25,45,87,49,55,51,32,35,41,23,24,66,60,84,31,22,20,31,39,31,35,20
650,367,207,352,222,138,178,128,108,126,73,51,84,0,121,114,74,71,0,63,63,38,65,30,23,49,44,30,22,38,73,32,36,33,46,27,72,23,16,154,89,80,19,31,29,37,30,34,39,23
597,219,216,219,213,179,139,135,108,145,169,91,129,8,87,64,68,61,15,36,45,54,60,89,31,91,33,39,54,30,64,29,23,41,39,32,38,16,15,60,25,20,29,27,23,43,30,17,28,22
417,269,229,182,226,336,155,152,169,189,95,159,74,96,85,68,89,74,83,68,113,59,79,73,71,89,50,31,23,47,46,40,36,49,20,24,44,40,37,58,32,10,35,36,38,40,38,19,15,33
403,244,191,232,252,246,142,108,118,145,150,157,99,1,85,85,61,46,1,51,93,46,92,72,68,71,39,33,50,43,51,37,27,37,28,19,39,29,21,58,30,20,29,25,22,44,34,13,35,31
573,337,269,303,229,213,180,182,155,156,173,96,104,19,136,82,76,59,12,55,96,37,57,71,67,64,49,47,40,56,85,45,39,45,46,37,44,22,26,94,56,20,32,38,38,44,21,14,26,24
621,208,188,255,189,183,148,146,170,160,117,83,117,18,120,74,53,46,8,47,62,36,70,76,35,66,42,42,33,54,68,26,13,34,27,19,46,21,26,70,34,25,31,37,29,45,31,11,23,24
598,273,243,294,214,262,175,205,155,190,109,134,94,55,120,78,81,67,46,68,81,43,62,69,59,80,50,43,35,48,90,24,31,41,39,27,42,19,29,36,47,24,31,31,41,48,26,9,30,22
404,212,241,189,196,228,150,126,131,134,162,110,148,0,58,68,77,59,0,42,101,46,53,92,62,72,43,27,43,48,63,21,30,23,45,29,40,15,25,33,40,32,23,38,25,31,27,12,22,33
502,235,198,210,224,189,165,140,107,133,123,108,97,29,99,81,57,47,21,46,74,42,67,67,55,60,47,42,54,45,58,23,28,34,28,37,42,25,30,89,41,23,24,35,19,33,29,17,25,24
400,195,205,197,160,223,123,117,127,128,133,149,92,27,81,60,59,68,33,53,59,55,44,87,52,78,36,33,39,35,47,26,31,44,30,33,40,31,30,63,19,11,34,30,28,28,31,21,21,30
616,285,225,307,224,309,188,189,137,189,135,122,126,7,110,80,68,70,6,60,136,59,75,52,78,69,43,36,42,42,88,27,38,39,39,39,43,11,21,30,42,17,20,40,23,32,27,28,28,19
407,192,213,211,208,235,141,128,159,193,135,152,112,11,69,81,52,50,24,46,74,68,65,96,44,62,42,33,46,64,55,43,40,48,28,31,24,38,27,31,32,19,26,35,30,35,26,19,24,33
480,253,271,216,212,261,167,144,149,176,102,126,80,75,96,71,61,77,77,66,63,43,50,79,70,90,54,23,26,57,72,30,36,46,22,31,42,21,37,50,31,25,15,35,21,48,21,15,25,28
502,272,222,215,235,264,137,159,111,192,171,135,128,59,95,64,60,66,40,62,78,65,57,86,76,77,41,65,46,52,47,15,43,36,30,35,47,17,25,66,38,19,29,24,25,34,17,19,23,21
469,153,159,173,190,160,104,110,119,129,142,95,106,1,52,66,42,40,1,53,38,52,54,102,17,70,32,49,29,62,32,19,27,37,30,41,36,37,18,89,26,13,22,33,18,16,21,18,16,22
536,240,202,246,206,213,141,175,142,188,182,119,134,11,79,83,41,76,8,46,59,54,63,56,32,87,35,45,48,50,68,25,30,45,26,41,40,25,21,31,35,11,29,26,22,45,16,8,6,21
554,296,183,248,251,273,166,138,160,152,150,141,136,27,96,78,67,55,11,54,84,43,76,106,55,58,35,49,35,45,55,28,33,47,27,37,45,31,29,65,37,16,32,36,30,23,30,15,22,29
542,244,217,242,248,245,163,178,163,174,180,136,98,0,89,65,54,72,1,43,56,63,57,89,32,64,47,44,42,56,69,29,28,50,41,54,43,30,32,95,30,12,29,48,25,31,17,15,21,22
518,187,173,202,185,180,144,125,143,152,126,138,78,9,62,46,53,51,30,44,40,58,71,90,29,69,35,46,27,55,41,34,34,56,28,59,37,27,16,41,37,15,28,32,26,33,26,17,23,33
393,224,211,178,221,253,135,136,134,161,171,133,113,28,87,74,53,69,61,52,62,55,48,93,59,87,35,27,49,59,59,35,36,33,26,44,41,30,24,50,28,8,37,33,27,18,15,18,15,33
505,269,237,228,234,233,145,126,137,179,118,122,102,51,73,72,56,73,29,49,65,88,76,116,47,93,56,31,43,56,61,33,35,37,39,48,34,24,25,62,31,32,25,38,35,38,24,14,21,37
458,208,204,236,186,241,139,150,182,188,101,148,89,69,71,70,56,71,56,64,67,70,50,104,66,79,51,48,36,65,47,33,35,44,23,54,41,32,46,45,25,22,40,31,21,32,21,20,10,40
392,232,169,168,160,88,132,102,136,90,104,76,124,0,46,57,60,43,0,46,27,45,37,35,32,41,36,47,33,29,19,28,26,24,26,30,23,31,22,6,36,26,20,21,22,14,20,22,23,15
440,329,182,200,193,77,160,123,131,94,101,61,97,25,45,81,59,47,17,46,15,55,39,30,29,68,28,38,51,32,31,34,43,52,39,28,30,14,28,5,73,41,25,23,23,21,20,32,29,13
438,306,174,192,212,78,136,113,138,91,130,42,114,25,77,74,59,55,24,50,11,40,52,36,15,43,37,54,60,31,26,43,29,29,34,36,28,20,29,9,45,74,29,23,27,15,24,24,20,16
374,308,245,230,253,263,169,144,118,141,88,62,48,130,71,91,88,49,86,54,179,42,98,43,73,54,51,72,42,34,21,28,49,37,46,24,36,41,31,34,38,25,28,30,41,35,37,32,27,21
345,346,236,215,233,342,141,172,162,156,65,47,47,112,97,94,96,56,70,64,137,38,74,23,98,70,42,57,39,35,30,32,40,31,34,27,17,24,39,52,45,21,21,25,47,39,39,29,30,4
367,340,245,198,185,385,135,152,148,124,85,81,45,74,65,82,82,76,74,52,201,42,60,35,104,52,52,54,31,38,50,41,36,30,51,23,27,37,45,19,24,18,16,25,48,23,42,25,33,9
486,387,273,262,283,387,187,226,152,160,163,49,102,23,89,110,78,86,18,55,107,40,96,17,125,39,49,76,67,42,55,52,37,40,52,28,19,26,35,45,52,22,34,26,50,21,42,46,26,11
280,319,240,186,183,289,138,145,127,124,85,140,113,68,65,77,70,70,57,45,114,57,66,43,93,44,37,52,54,33,29,28,34,30,31,30,25,45,36,29,34,29,40,29,47,24,29,29,25,21
339,345,249,196,177,302,163,173,117,122,79,87,47,115,61,73,72,54,95,61,174,61,74,43,128,48,48,56,20,28,29,56,41,37,32,23,23,25,36,31,35,39,33,23,59,28,31,24,25,30
402,380,259,242,259,369,195,194,153,144,87,64,66,73,70,104,96,71,52,52,121,47,112,40,110,63,53,58,29,36,50,47,38,23,44,33,36,35,30,33,56,23,24,24,49,30,26,49,23,12
485,408,302,288,266,384,210,164,119,155,83,45,86,32,102,109,73,98,22,57,176,37,95,26,112,42,50,68,48,44,61,35,41,36,38,29,28,27,33,21,47,23,19,25,43,22,47,30,37,11
383,309,241,222,224,306,143,126,120,125,84,63,79,133,108,114,82,46,79,54,238,45,64,29,105,65,44,70,58,32,38,32,36,24,42,22,35,39,40,11,23,12,25,17,37,36,36,25,34,10
368,338,245,194,178,283,152,142,134,128,105,99,83,98,76,96,104,76,49,45,162,53,78,30,92,62,43,59,72,27,38,31,47,32,31,26,11,31,30,29,36,24,27,20,41,26,31,38,22,10
392,326,271,227,206,289,152,174,137,147,147,94,100,105,96,74,98,85,78,66,82,57,69,38,85,61,70,74,53,30,41,48,44,36,29,34,29,21,37,41,43,27,23,33,35,23,27,30,17,25
353,319,253,235,243,363,174,81,96,140,77,80,67,76,49,75,71,75,43,51,161,67,72,103,90,68,64,57,40,31,30,37,42,35,37,39,23,26,29,30,16,28,29,17,37,28,31,33,21,34
364,329,265,236,225,366,173,172,158,152,119,92,80,81,101,89,93,70,53,64,109,62,88,40,97,59,58,59,55,30,26,34,47,37,39,24,22,30,36,35,28,24,28,28,49,33,26,22,20,25
307,297,248,194,228,304,156,143,131,133,153,86,106,92,82,96,128,75,78,65,96,35,71,28,81,59,43,45,57,37,29,53,60,37,34,29,24,36,37,50,35,19,38,17,42,32,28,17,16,26
292,276,263,201,234,283,148,97,125,100,64,123,32,193,55,70,89,72,140,39,121,44,58,53,85,64,45,71,22,35,39,38,37,26,26,26,23,58,37,39,26,23,39,23,41,27,16,25,29,19
362,318,309,254,246,399,172,204,136,144,76,75,67,76,83,87,81,62,71,51,138,61,75,32,119,49,54,66,58,37,38,34,40,39,40,16,28,28,37,34,42,11,37,37,49,19,30,24,24,13
395,278,271,263,231,392,182,182,127,148,114,87,91,80,84,86,88,65,51,56,116,62,67,45,103,72,46,63,66,35,29,41,52,34,37,42,24,33,29,50,32,10,42,32,43,29,23,16,19,15
392,257,272,261,229,325,183,138,107,145,83,91,86,43,68,107,78,65,34,54,85,74,68,50,84,70,48,64,24,47,47,32,34,25,37,22,29,32,38,42,31,16,34,27,28,32,23,20,24,21
286,295,249,215,180,331,157,137,146,165,108,110,93,97,67,85,83,74,80,47,92,65,65,74,81,45,44,56,52,37,35,32,54,21,28,19,28,46,38,30,15,9,24,26,44,29,21,34,19,16
350,331,266,193,198,344,153,134,131,122,89,115,79,147,90,71,84,73,97,68,95,44,81,32,118,47,52,56,61,34,25,52,56,31,21,40,32,34,56,17,33,21,54,24,65,29,31,19,27,14
400,345,313,238,219,368,178,172,135,145,101,48,71,153,78,94,73,78,74,66,112,74,64,43,82,56,53,62,42,49,45,58,28,31,43,33,33,36,38,57,37,18,49,31,36,18,28,26,29,13
301,242,284,219,174,353,146,134,112,146,56,82,54,118,86,76,57,70,87,49,165,58,53,54,73,55,50,59,32,37,36,32,47,35,30,26,27,35,34,33,24,7,25,29,40,22,21,21,18,17
373,290,290,232,203,308,176,121,110,145,100,80,91,66,92,91,65,66,54,44,146,77,81,39,71,66,62,80,55,37,33,40,34,29,39,14,27,43,41,45,36,15,25,40,30,25,25,31,18,16
339,304,313,244,200,401,162,148,110,148,65,63,57,133,83,87,80,66,60,55,154,58,57,31,92,53,53,63,35,43,29,48,58,22,38,22,30,32,45,22,31,10,15,24,37,18,26,32,22,17
304,268,285,233,161,348,146,99,97,111,85,123,102,76,90,86,76,56,46,56,91,59,55,48,112,77,52,52,56,32,37,44,58,24,48,31,25,36,31,34,35,17,40,27,25,28,31,25,23,19
305,288,319,208,178,301,150,144,146,119,99,55,74,119,92,76,98,56,67,48,114,43,60,34,90,63,48,72,45,31,24,41,43,25,41,21,28,19,36,54,26,38,22,28,40,32,31,33,17,13
305,276,309,205,168,364,146,121,117,141,98,117,116,130,78,82,76,62,63,68,108,55,73,48,95,87,63,49,48,43,28,37,53,19,34,43,27,34,31,45,37,13,42,20,52,40,29,14,30,9
345,360,304,254,228,335,179,117,134,118,34,89,30,125,61,92,78,79,106,61,156,52,64,65,93,83,68,49,16,32,24,39,52,25,40,20,15,37,36,53,28,20,18,20,48,29,36,26,28,25
335,280,262,189,179,300,138,137,111,138,69,98,97,110,80,100,74,66,105,43,135,47,52,39,94,95,48,53,46,36,25,34,36,31,24,35,30,28,43,27,27,13,36,23,38,47,28,27,22,14
323,300,293,225,170,316,168,138,124,141,143,102,70,189,91,75,78,65,145,60,94,50,47,53,97,79,48,50,50,48,39,37,34,22,26,39,38,46,53,75,28,9,42,20,44,33,34,20,15,18
384,284,296,254,201,259,157,111,106,132,90,66,92,81,71,95,63,73,46,51,164,60,66,57,88,66,62,70,48,42,38,31,38,21,40,34,23,20,34,51,35,9,28,24,30,27,28,18,22,25
301,326,286,226,216,298,146,134,143,142,123,140,93,205,83,88,148,66,149,49,101,41,62,41,99,64,72,64,48,34,17,42,53,25,28,23,29,41,52,26,15,20,47,15,38,23,26,23,30,20
344,302,263,245,162,206,144,79,103,102,113,152,124,39,65,102,97,71,23,40,99,41,64,46,62,64,54,58,50,38,36,39,40,21,53,23,34,46,44,37,26,10,28,21,27,37,22,29,12,25
280,269,286,208,141,276,146,79,126,151,87,82,56,78,42,74,54,67,56,34,172,66,52,81,77,95,65,54,32,25,36,35,62,15,38,18,27,36,29,52,17,21,27,29,43,38,18,29,11,23
520,352,288,253,177,300,193,134,111,117,95,56,96,77,96,111,82,63,63,50,84,56,70,27,76,45,47,69,68,34,37,31,32,34,37,36,39,17,41,28,52,26,22,24,51,31,39,23,27,13
430,355,236,258,204,383,209,133,112,160,63,59,55,73,155,79,72,66,55,55,151,59,62,32,120,61,60,67,27,32,37,42,36,25,43,25,41,14,26,27,37,39,23,23,42,30,21,27,17,22
313,270,235,230,152,300,136,114,112,125,67,110,61,110,83,71,67,54,81,46,123,50,57,43,98,63,59,48,23,31,32,40,56,36,32,29,20,32,37,52,32,22,24,23,36,34,20,20,21,26
287,301,248,188,179,298,158,105,108,100,60,111,59,129,78,67,69,41,80,51,125,50,59,54,96,67,40,58,33,29,33,31,44,26,29,19,38,31,32,59,38,18,49,16,50,32,18,22,17,21
453,367,230,215,251,310,134,167,119,131,133,102,108,28,86,103,95,61,37,39,125,31,86,25,123,44,44,76,61,36,39,28,38,42,43,33,33,22,54,16,35,19,40,19,40,29,35,26,44,5
507,367,247,219,231,290,137,136,144,128,104,99,106,20,104,103,76,60,33,52,114,45,98,16,75,50,40,79,69,38,23,54,36,26,36,36,32,39,46,57,61,29,28,25,49,29,40,34,41,15
396,387,237,226,202,306,155,156,129,159,35,89,57,71,108,90,80,60,100,56,100,42,97,32,109,45,52,64,34,39,37,42,57,59,32,36,33,41,37,24,40,20,33,22,38,33,35,25,30,10
391,348,257,223,224,291,137,126,140,133,101,70,66,75,86,110,83,45,82,69,118,58,110,32,121,55,69,79,38,41,27,27,34,45,30,33,21,29,33,38,38,19,29,22,54,25,49,20,33,15
392,332,265,236,222,264,159,167,147,167,122,86,74,76,119,93,109,67,56,56,111,40,82,27,94,44,37,81,33,24,34,45,26,27,50,33,20,36,47,40,60,28,46,17,55,46,43,46,39,13
334,318,257,189,153,388,114,116,168,172,90,167,91,65,78,76,90,58,54,54,122,61,98,48,81,73,70,65,52,26,23,29,34,19,37,43,27,49,52,41,23,18,35,25,35,24,28,37,24,23
378,355,286,218,212,352,151,141,141,126,124,131,98,28,119,83,71,64,24,42,115,47,82,31,117,57,54,65,46,39,15,39,43,32,42,28,26,45,52,33,43,12,29,31,33,16,41,17,34,10
400,356,248,233,221,267,147,153,139,163,134,105,79,59,113,79,69,80,57,61,71,61,76,36,94,44,58,66,41,51,27,39,43,37,45,21,26,21,41,33,41,15,19,25,36,32,43,34,31,14
379,332,239,241,234,278,158,132,146,145,178,127,148,32,80,95,94,62,29,46,80,46,64,27,63,58,37,68,85,43,21,40,32,33,40,27,30,35,55,47,25,20,25,31,44,25,44,25,33,13
404,333,236,224,231,302,160,143,90,79,61,89,36,90,84,76,61,66,85,48,131,71,52,38,110,38,39,39,31,29,20,31,26,19,43,29,43,20,32,8,41,33,35,27,26,23,26,39,28,22
458,362,246,239,253,319,127,152,78,61,17,119,11,117,74,66,67,64,94,40,92,52,53,44,106,36,37,64,3,31,42,32,22,18,36,26,35,27,16,18,38,17,40,27,26,17,18,29,26,27
425,306,304,247,179,294,116,106,100,77,36,112,26,132,66,67,67,45,102,51,106,78,52,77,90,52,57,53,5,51,34,36,31,15,39,30,46,28,32,34,27,29,29,32,29,20,17,26,27,31
434,361,273,265,234,341,155,166,128,90,30,75,13,106,93,69,56,59,93,58,139,69,57,65,78,31,50,58,12,31,37,37,26,35,38,29,32,13,18,29,37,25,21,31,29,24,20,27,23,26
441,400,275,225,287,360,157,147,129,72,61,86,37,106,73,97,83,65,92,73,105,79,60,57,83,41,40,65,23,28,45,33,43,21,40,44,40,28,22,13,37,30,23,32,39,21,24,31,23,27
339,274,231,199,190,293,113,98,119,85,110,187,75,28,62,74,80,66,43,45,79,90,39,65,62,79,36,57,24,27,30,21,30,21,28,40,33,38,26,12,29,13,33,30,33,22,14,35,12,36
380,311,230,212,224,381,167,135,136,85,108,125,74,121,81,65,79,59,97,75,87,85,54,67,79,49,50,71,48,27,34,27,35,35,32,34,24,15,23,4,27,17,30,25,38,24,20,33,26,34
465,360,242,247,221,290,145,130,86,73,59,78,41,161,72,64,81,49,118,49,77,83,62,57,46,38,46,76,39,20,28,35,29,22,19,29,31,27,19,23,56,35,22,32,21,15,19,23,19,22
397,306,225,179,188,258,146,88,113,82,70,128,69,127,67,61,72,31,126,58,70,86,52,49,73,63,44,55,39,26,21,41,28,16,35,31,45,38,34,5,33,38,38,23,19,23,21,26,9,23
373,286,179,157,169,248,118,111,109,67,134,183,68,39,60,51,61,62,42,50,68,69,55,62,90,57,40,48,57,44,20,37,25,23,20,32,21,41,26,6,23,16,30,25,24,22,28,30,15,29
355,374,322,222,233,393,120,142,117,96,62,155,27,193,108,78,86,74,153,66,103,74,60,64,142,40,65,69,21,22,21,24,41,35,33,48,29,16,33,14,28,21,32,32,27,19,25,70,21,33
279,338,250,147,193,409,123,85,135,80,85,233,31,53,41,66,75,74,56,56,118,82,58,95,129,78,58,49,28,26,12,21,37,32,28,39,27,47,31,18,20,16,38,23,31,17,18,25,13,37
393,301,214,185,180,426,121,121,131,86,93,172,58,37,57,51,88,67,18,74,129,92,60,51,111,46,48,65,42,27,24,32,29,22,31,39,35,26,17,13,30,15,35,31,25,14,22,24,20,25
359,338,271,241,235,437,137,134,97,101,99,223,69,118,82,91,86,65,55,59,142,111,66,80,150,65,51,49,40,35,39,38,35,21,28,49,46,40,31,7,23,15,46,29,18,26,17,29,24,32
401,330,271,207,290,525,151,169,176,66,54,135,52,38,83,78,82,77,47,75,173,83,72,45,130,43,64,54,18,48,22,22,29,42,35,44,38,35,28,15,32,28,53,29,36,11,20,37,18,23
343,314,237,211,223,326,123,109,90,61,82,147,56,56,62,56,89,60,82,76,104,75,56,68,124,55,45,40,14,27,37,29,25,28,35,39,33,41,22,18,31,46,39,37,34,27,16,38,10,25
406,326,229,247,254,321,150,99,141,82,143,111,105,74,56,82,87,75,72,60,112,80,76,81,83,49,46,50,40,41,33,35,32,13,22,36,37,21,24,14,12,21,27,31,26,8,11,30,19,34
319,296,276,211,209,344,115,123,127,89,141,159,84,28,81,57,65,67,21,61,104,92,68,69,91,55,57,43,52,29,23,31,33,22,23,31,29,30,23,10,36,35,37,31,31,15,14,27,14,33
359,283,269,196,171,415,155,91,138,102,188,206,130,6,70,74,109,81,10,70,123,129,48,89,121,70,70,49,77,31,44,37,33,27,34,43,45,38,37,27,24,18,42,27,21,14,16,26,14,35
329,268,202,182,210,339,111,139,116,75,171,176,87,59,94,56,70,54,45,64,99,66,55,82,87,62,47,61,73,44,17,28,26,39,22,46,33,19,28,5,23,32,44,20,26,22,32,23,21,32
466,292,219,306,273,112,159,87,117,76,176,104,120,15,41,70,79,63,13,71,21,62,59,94,17,48,49,77,37,35,47,25,13,31,35,36,21,22,24,11,43,81,30,33,28,13,11,36,15,41
471,334,251,274,259,83,155,133,84,96,202,95,152,26,81,79,95,63,13,48,23,76,46,59,26,46,55,66,64,28,38,33,23,31,43,33,26,21,29,19,55,51,27,42,27,26,13,43,20,23
371,279,260,211,219,194,156,122,109,93,66,115,48,160,63,64,86,66,153,64,44,94,60,69,37,56,64,33,26,34,46,28,15,31,38,34,27,34,17,15,43,26,28,35,32,17,14,30,16,39
324,244,222,181,155,126,119,106,126,81,109,149,93,151,81,73,65,56,141,62,29,90,51,70,28,36,66,48,39,24,22,20,43,21,28,43,22,35,31,25,23,29,41,33,30,25,13,31,11,52
418,294,302,241,242,94,142,137,110,90,166,86,143,85,87,58,68,70,93,45,30,55,67,44,26,54,60,56,65,32,40,38,23,32,24,27,32,18,38,19,29,39,20,32,22,22,24,30,21,26
334,314,249,203,257,172,137,78,110,95,146,133,83,94,41,49,86,65,84,68,36,84,55,121,36,31,70,44,43,46,30,42,23,19,24,32,31,26,31,19,28,43,36,32,27,16,17,34,19,43
357,293,311,247,191,125,154,144,125,107,87,70,61,244,83,58,65,73,204,66,17,91,59,63,27,48,46,72,45,37,32,34,37,39,35,50,39,30,37,6,38,59,35,25,42,21,9,40,13,38
352,277,205,221,202,164,118,77,103,75,52,132,32,128,51,63,70,43,163,58,49,82,41,95,36,63,52,53,25,35,16,31,17,25,25,37,24,28,30,27,35,43,38,21,22,20,14,22,16,46
334,244,210,217,169,202,138,95,124,99,94,138,40,131,38,44,71,50,108,57,64,82,51,102,52,66,51,57,40,25,22,21,31,18,29,28,37,32,29,25,22,37,33,32,34,19,5,29,11,33
339,264,258,223,190,289,132,87,111,98,82,207,67,156,48,64,74,59,135,70,63,120,66,107,54,72,58,51,26,27,30,24,22,31,32,43,31,37,30,36,23,16,31,29,36,13,13,38,15,52
441,290,312,254,217,130,165,146,103,92,152,97,109,121,65,73,66,76,116,66,26,76,64,67,35,47,85,55,53,38,32,26,27,21,36,40,17,27,25,16,38,55,31,31,28,15,24,40,15,24
444,339,232,245,196,85,127,118,91,75,127,84,92,194,53,91,64,62,116,57,11,83,47,75,14,39,45,66,51,21,20,33,23,33,38,30,28,11,17,25,44,66,29,21,26,14,18,34,14,44
400,243,220,173,203,200,109,101,104,81,62,129,49,67,40,49,71,58,61,60,35,95,41,93,38,55,56,42,42,24,28,24,24,37,24,29,33,41,31,40,27,80,38,15,24,12,18,22,13,51
427,282,246,218,159,139,129,100,91,79,80,127,52,134,47,59,80,72,98,61,29,82,58,74,32,75,66,46,31,32,25,48,21,27,28,30,28,28,33,31,29,51,40,22,29,27,16,32,12,45
446,293,277,286,233,168,160,108,126,97,43,112,34,221,64,82,97,59,173,70,63,96,52,93,34,56,67,52,14,26,38,19,32,24,34,41,44,38,30,15,32,60,24,40,25,24,11,46,12,45
371,244,237,173,207,142,159,108,142,98,46,98,29,198,68,57,77,51,169,49,48,82,62,70,48,43,51,55,20,32,31,36,33,13,30,25,47,25,23,2,21,35,14,31,23,23,6,21,17,25
302,233,233,174,170,207,91,105,137,114,78,175,56,145,59,54,56,53,105,46,80,81,50,73,81,55,52,47,37,31,21,22,37,11,23,32,34,28,29,15,38,38,25,27,39,18,6,30,15,33
293,238,200,164,181,155,111,88,101,69,155,133,113,118,61,66,70,51,111,51,28,79,40,65,30,43,36,45,79,27,16,15,25,26,27,21,21,22,40,12,21,27,32,24,19,9,10,29,10,37
335,236,172,175,142,134,103,79,106,85,53,118,50,163,58,48,67,34,192,48,41,87,38,63,47,35,44,50,18,28,27,30,28,21,26,42,32,21,34,19,28,24,27,20,26,10,12,22,13,31
306,219,219,169,175,311,129,50,129,88,80,115,60,182,33,57,60,48,139,66,79,92,47,113,92,59,50,35,18,25,10,44,28,29,11,38,32,38,41,16,14,16,29,26,26,13,14,30,17,34
260,232,219,155,213,268,119,84,131,102,75,191,59,129,58,66,82,50,112,46,72,85,54,86,87,88,47,50,33,25,18,26,25,35,25,40,22,28,26,25,29,22,37,25,37,23,24,24,11,35
363,225,207,198,177,125,131,89,119,80,176,109,103,94,52,58,52,55,107,47,41,67,48,101,33,42,43,58,96,33,16,24,21,22,19,43,26,17,15,15,17,29,25,28,26,20,11,24,11,34
326,203,213,132,136,246,111,91,102,65,107,158,79,95,49,40,50,63,91,76,44,81,34,76,64,53,35,34,33,29,18,24,38,21,19,29,15,23,33,27,29,10,28,32,13,13,17,16,22,39
224,208,192,158,157,299,92,69,113,83,32,195,27,159,33,48,64,51,123,54,67,103,36,100,75,58,60,25,20,24,20,27,22,17,13,32,25,22,24,24,20,14,33,17,30,10,12,28,7,36
420,311,273,295,252,378,178,124,93,113,146,107,122,41,86,73,93,65,25,60,161,95,59,39,122,52,52,60,53,33,43,31,26,26,37,41,44,33,26,14,34,20,26,40,23,13,20,32,11,25
398,300,235,260,276,379,130,101,112,93,102,199,73,7,75,58,69,73,6,40,132,69,71,52,79,48,49,55,35,28,29,30,29,32,40,40,43,34,23,4,34,21,56,31,28,11,31,40,19,41
439,328,251,278,257,313,166,147,98,58,32,37,22,122,85,80,100,51,118,49,104,68,86,33,93,29,42,57,12,22,41,24,46,20,34,23,36,9,19,12,47,30,18,34,30,17,16,27,14,10
434,311,238,301,218,264,166,124,85,101,28,43,21,274,76,111,87,54,167,63,92,88,67,58,69,40,28,54,14,25,29,33,38,19,52,43,42,19,26,4,51,25,39,29,22,21,13,41,13,20
382,250,226,285,210,306,148,116,117,69,10,92,9,227,81,65,77,53,152,57,90,95,44,53,57,64,37,59,6,28,22,27,35,24,43,45,25,27,19,3,35,32,36,27,23,23,16,28,13,31
478,379,272,327,241,352,145,99,116,76,10,67,14,209,105,83,98,61,143,50,124,62,63,50,60,52,42,81,6,37,39,28,38,21,42,32,42,21,20,13,30,18,22,39,31,18,21,26,20,17
556,327,270,286,265,118,138,122,73,103,146,85,134,96,88,82,139,90,69,86,16,54,70,45,33,34,60,62,44,36,39,35,20,52,50,40,42,27,42,47,17,42,52,55,35,27,34,20,39,24
481,387,333,214,234,154,140,114,144,129,146,73,118,91,79,90,125,115,56,94,51,50,78,91,58,32,93,70,51,39,28,29,44,40,57,51,30,17,43,41,24,31,38,67,47,34,19,18,31,32
553,347,316,229,262,253,147,117,142,123,87,177,61,87,48,73,191,127,66,73,45,46,74,74,40,67,68,75,28,23,26,26,29,38,39,47,42,37,65,21,22,38,38,72,31,40,24,37,35,27
501,345,319,246,239,183,168,140,115,138,91,105,83,199,95,78,136,130,122,100,32,56,68,50,47,63,80,62,58,30,34,53,38,35,48,55,40,28,37,31,25,39,29,57,61,37,29,29,24,29
428,305,310,194,254,158,156,153,142,108,169,85,108,138,95,99,132,117,96,93,32,57,65,33,49,48,73,60,49,44,33,37,39,46,41,46,46,30,55,20,28,41,29,74,52,33,27,19,35,16
533,366,317,248,233,87,184,149,142,123,103,73,65,303,108,95,114,106,217,87,20,59,61,62,26,41,78,85,36,39,43,53,44,47,40,45,45,28,45,19,25,47,44,45,34,45,34,18,18,18
469,347,278,266,324,204,188,119,116,154,169,145,112,46,73,87,139,97,21,74,40,54,65,70,26,74,79,98,48,41,50,43,43,57,53,40,25,40,54,35,27,34,37,42,30,32,23,35,27,40
567,337,303,260,253,112,153,177,114,137,142,55,132,112,129,110,169,134,100,77,20,72,60,32,19,40,84,94,53,42,32,50,37,51,41,44,29,27,32,28,29,54,39,55,38,24,20,14,20,19
554,314,302,211,299,169,195,172,159,128,145,137,93,131,96,102,140,113,73,66,26,49,71,29,19,34,61,73,39,28,47,39,53,53,34,38,33,31,46,14,28,35,29,51,33,29,31,30,36,13
544,373,330,217,257,229,167,143,183,150,136,125,85,82,79,82,126,139,78,86,65,81,76,59,55,58,104,88,59,34,33,55,43,48,30,47,17,39,48,37,26,37,44,38,47,34,27,15,41,19
556,312,351,253,218,123,136,183,143,151,177,81,102,130,136,123,114,130,102,70,25,64,62,36,25,39,91,75,50,45,36,39,51,44,42,43,32,32,33,14,41,29,36,48,36,39,31,15,26,19
412,328,335,215,235,162,155,177,137,130,239,184,124,133,113,97,136,99,64,87,27,75,60,25,48,44,74,71,87,43,45,50,24,44,52,61,30,42,51,16,24,26,55,41,32,50,24,16,32,13
413,317,341,182,227,280,143,112,169,131,95,145,74,215,78,78,163,132,176,66,55,78,62,70,60,61,93,75,45,44,37,38,40,48,34,45,33,42,68,33,21,16,34,25,43,39,25,14,38,15
538,349,352,243,244,89,142,154,122,153,137,65,83,260,139,93,130,142,228,81,17,69,72,38,13,43,89,74,54,52,49,60,33,51,57,55,48,13,53,15,29,29,30,29,46,26,30,26,33,21
563,340,322,206,202,56,158,185,126,151,129,62,68,267,163,97,105,103,295,72,7,55,100,25,13,33,58,96,56,49,30,36,20,66,42,59,58,22,48,12,35,29,26,19,32,41,34,24,28,5
375,246,350,147,179,235,127,127,154,128,205,149,110,134,71,58,118,108,118,87,33,67,73,80,66,44,81,86,100,48,32,32,22,49,37,50,41,39,58,20,19,34,44,44,33,26,24,19,29,21
574,390,298,236,239,189,177,207,157,109,126,130,75,175,103,91,95,103,120,98,39,59,85,52,58,63,54,83,80,28,25,47,26,56,42,25,32,27,43,20,37,52,23,23,43,34,37,13,34,18
444,344,307,169,182,350,146,170,181,142,117,171,68,134,71,84,97,115,91,96,45,49,67,46,76,47,75,66,62,26,13,33,38,75,24,37,33,58,70,20,28,41,46,33,54,27,38,18,29,17
362,263,299,173,174,169,126,127,130,128,175,87,98,170,99,77,145,129,148,100,27,66,80,39,56,47,85,66,79,34,33,31,65,44,42,57,38,35,68,32,20,43,54,58,50,41,18,23,38,19
431,302,284,215,223,171,111,151,131,124,130,123,94,86,69,83,118,122,87,98,49,90,71,47,77,45,75,71,44,35,37,32,32,46,38,42,40,32,56,29,33,51,37,39,36,32,19,20,14,27
371,238,232,312,246,125,162,130,99,134,81,86,60,155,82,102,82,57,103,69,17,87,61,61,13,54,58,51,26,38,55,43,22,28,42,32,31,34,34,16,25,18,21,36,27,24,12,33,22,28
305,219,285,253,194,185,153,140,121,146,103,175,50,126,77,104,69,71,105,79,46,93,45,87,32,74,85,54,45,33,43,36,25,33,26,33,30,33,34,12,26,20,33,44,23,29,18,17,21,26
388,225,294,263,260,134,133,118,113,146,129,99,95,97,86,95,67,69,96,64,35,103,50,91,14,77,81,43,50,35,52,37,34,38,39,35,24,40,25,14,30,28,35,33,26,35,18,16,16,26
332,212,261,306,209,131,134,101,73,126,127,110,97,87,105,89,74,94,72,66,46,99,41,96,32,64,69,56,63,34,53,29,39,40,28,28,32,16,32,18,23,20,39,42,17,23,16,27,24,31
298,224,262,219,204,159,131,103,82,116,122,121,80,85,90,78,75,68,70,60,36,104,51,78,55,47,66,40,46,30,54,24,37,29,36,42,26,30,36,12,15,17,46,40,25,26,21,13,12,30
396,265,347,320,252,176,179,148,120,148,143,151,143,40,78,89,106,88,34,80,29,120,44,73,36,62,97,53,69,42,58,24,32,31,55,30,36,51,43,12,30,25,26,35,36,21,18,38,23,28
397,278,283,284,221,141,173,136,74,144,131,137,88,91,78,105,84,72,49,81,45,100,67,63,38,64,56,54,42,27,54,48,16,35,29,34,20,41,36,15,36,26,26,33,19,19,16,22,13,37
462,279,291,356,243,110,161,144,87,142,112,75,94,94,118,108,89,102,58,75,33,101,47,72,14,67,63,65,58,38,85,37,21,28,43,35,33,19,45,24,44,23,27,35,23,52,15,45,13,27
334,238,281,269,199,193,161,146,113,177,128,123,96,111,90,93,83,66,80,87,37,109,78,76,37,72,87,49,52,27,59,42,50,36,28,25,27,19,43,14,33,20,30,31,34,47,22,19,14,27
437,302,285,294,266,102,179,161,103,168,205,100,189,78,149,113,71,96,50,75,18,87,81,36,23,59,65,62,62,34,65,35,23,24,39,37,24,19,31,16,30,21,31,40,25,39,24,26,20,12
352,301,286,243,190,108,165,161,104,127,142,100,72,165,108,86,83,77,88,78,21,89,55,44,33,47,77,74,57,32,57,42,29,33,36,29,28,27,43,12,43,32,35,38,39,28,23,23,25,28
323,243,313,212,234,107,155,149,99,165,138,88,101,147,137,78,78,77,102,72,19,95,65,69,22,60,86,56,51,34,72,28,18,29,39,32,34,28,35,10,38,27,26,43,29,48,15,19,8,24
420,271,244,262,199,142,164,103,77,121,139,99,131,76,92,107,90,51,83,61,35,87,62,49,35,43,62,61,54,29,52,23,26,38,44,24,28,39,25,9,34,29,22,30,27,30,20,27,27,35
415,290,306,276,198,127,157,164,95,146,161,78,96,68,78,90,87,67,41,67,38,76,57,50,20,65,101,58,51,52,50,38,26,34,42,30,26,37,33,23,44,23,37,36,24,27,13,22,26,24
333,219,328,272,204,161,152,118,82,162,155,98,102,121,120,76,80,73,85,89,40,91,57,61,48,60,85,74,60,38,56,25,30,26,41,31,36,20,34,18,25,16,38,29,22,49,17,15,15,26
378,251,277,220,239,200,140,87,110,158,140,137,142,63,64,98,82,79,40,72,49,75,69,113,37,65,55,75,61,23,31,26,23,20,25,31,23,52,39,38,30,29,56,48,20,28,20,24,34,28
442,267,327,300,239,138,142,123,138,156,167,99,147,104,90,90,89,70,91,68,30,87,52,75,35,61,88,66,83,41,84,32,24,31,48,23,40,30,54,21,35,17,39,28,35,21,15,25,21,23
428,249,336,318,228,133,172,152,90,169,136,70,108,86,125,89,83,70,55,82,19,91,62,70,32,53,89,47,51,28,59,19,18,48,52,47,40,26,34,8,34,21,33,49,34,36,14,22,21,18
426,272,286,263,210,101,173,163,90,182,165,87,117,107,126,86,82,85,81,65,18,102,64,66,27,55,53,74,59,39,72,18,13,30,38,44,38,30,31,26,32,24,46,23,29,32,30,18,21,24
374,251,307,287,205,164,146,144,112,186,146,116,128,119,102,84,102,74,99,67,27,74,69,66,23,41,74,71,88,50,48,42,26,37,41,35,38,36,37,15,36,13,38,39,24,46,21,8,22,23
378,251,315,251,229,246,134,123,106,154,149,186,130,50,85,73,106,73,35,92,47,92,57,49,63,73,73,66,48,27,46,27,31,32,34,29,29,48,52,24,32,18,33,34,34,33,11,19,28,27
389,272,314,235,215,128,164,161,148,144,98,93,85,148,90,95,82,82,97,67,28,82,67,60,14,65,78,59,54,28,47,42,19,38,41,43,38,27,63,12,43,33,38,23,31,29,20,23,21,20
341,262,308,201,232,200,138,129,117,153,141,141,108,102,114,83,71,78,74,82,27,75,73,47,55,71,88,61,45,48,42,28,22,26,29,35,26,62,43,16,24,25,43,33,38,38,28,21,25,25
390,284,334,272,207,76,164,166,116,155,188,74,160,128,146,93,88,71,75,67,10,96,70,70,27,60,64,71,72,38,74,34,21,47,42,44,39,31,34,31,30,14,33,34,36,42,24,14,16,15
434,239,317,274,275,92,166,191,136,147,199,71,152,70,153,96,92,86,62,73,23,75,67,63,15,54,57,75,87,46,68,22,19,32,43,34,43,20,34,10,34,20,30,48,31,47,23,25,14,19
364,252,298,224,211,155,173,178,119,189,145,81,122,149,102,94,80,76,88,57,21,78,60,71,26,75,61,57,75,30,56,29,18,43,30,30,47,38,37,30,26,33,34,26,33,33,25,18,16,22
377,263,408,305,241,129,183,149,97,201,211,123,153,103,175,103,69,84,65,84,20,110,62,46,48,74,77,63,76,32,67,20,16,43,47,35,48,24,49,13,37,21,31,32,31,51,18,26,21,18
366,240,352,277,186,166,164,126,86,171,255,92,201,43,157,99,75,93,26,74,47,81,60,59,49,55,88,67,89,67,79,27,15,42,46,38,58,24,52,8,26,16,36,35,21,38,18,22,23,19
459,260,316,266,225,137,158,147,95,156,248,66,158,19,134,81,98,78,10,64,25,71,76,42,26,50,67,55,94,56,74,33,18,55,52,30,50,24,46,7,22,34,38,34,27,55,37,23,29,19
365,265,340,260,183,107,163,150,108,160,159,63,100,240,151,87,84,76,162,62,23,88,46,60,21,77,76,71,77,35,65,37,13,44,31,28,45,28,40,17,25,21,37,35,31,54,20,19,18,11
345,193,182,270,232,88,110,79,89,77,80,76,43,127,65,89,45,61,90,47,11,28,56,22,12,45,52,43,34,26,29,24,19,21,22,22,23,32,17,15,17,31,15,21,14,16,13,22,18,15
263,198,219,202,215,135,128,88,90,93,86,153,116,109,71,89,54,53,94,60,16,30,75,22,32,59,44,35,25,15,16,31,23,33,21,25,32,44,23,19,25,33,40,38,13,16,19,19,10,14
312,208,231,262,246,179,125,87,129,87,100,100,92,104,79,76,65,81,91,54,28,40,57,30,47,59,44,50,52,31,11,27,17,27,28,34,12,56,24,24,24,46,27,22,14,11,12,16,21,16
267,169,216,209,207,143,86,62,97,96,90,155,65,113,59,78,60,57,107,49,27,35,62,31,24,56,46,41,27,20,19,33,17,29,36,37,28,36,26,15,19,23,26,30,16,16,9,16,19,13
332,203,188,213,201,97,99,75,92,62,71,82,42,148,74,80,44,60,136,61,16,39,67,30,32,38,33,53,22,32,31,29,18,13,37,26,31,25,16,14,28,33,13,28,20,9,8,34,8,13
286,161,182,193,178,177,107,77,120,114,161,119,120,155,107,76,49,62,122,60,25,55,78,17,57,43,45,36,54,22,22,36,21,18,26,34,40,36,26,8,22,16,29,26,35,26,8,21,8,13
273,171,183,183,192,150,104,67,115,104,98,149,48,118,65,77,76,68,104,62,18,42,61,33,41,51,49,37,34,19,13,34,22,22,14,36,22,49,35,26,14,32,23,28,24,13,7,15,12,18
295,191,279,223,199,185,114,74,119,106,132,148,78,117,81,86,65,67,93,57,23,47,67,35,65,44,79,32,49,34,30,31,33,20,36,28,33,44,38,19,28,32,24,30,27,15,10,26,16,10
387,190,256,314,253,75,171,98,81,112,149,90,89,169,89,90,59,87,120,66,13,76,63,25,28,41,47,36,53,36,33,33,23,10,38,36,40,24,24,6,26,38,19,32,19,19,17,27,7,17
320,192,209,204,215,119,101,91,94,105,103,119,56,161,70,77,50,66,127,52,19,46,67,30,43,38,56,34,43,24,24,32,28,25,30,24,38,31,36,16,10,24,29,18,16,29,22,18,19,20
253,170,251,219,202,150,114,90,105,104,80,133,51,198,84,84,52,73,169,59,17,75,54,31,51,61,44,23,47,30,33,39,25,20,33,35,34,41,24,5,21,12,36,41,20,19,8,17,8,10
266,141,224,209,167,155,112,80,100,105,78,188,57,140,67,76,49,68,138,60,32,49,55,42,66,72,43,25,38,42,31,24,13,11,32,36,26,40,22,4,17,12,26,20,13,16,11,10,11,20
321,197,248,245,219,125,128,73,98,91,116,126,90,112,76,79,57,58,75,41,24,42,58,29,44,64,37,36,57,30,38,29,31,20,33,40,29,18,16,16,15,11,18,39,15,20,15,21,10,17
189,150,232,151,172,207,91,64,124,131,102,206,56,98,56,43,50,58,86,44,30,48,46,57,79,96,60,27,52,39,18,36,20,20,17,39,30,41,32,9,17,11,43,13,9,22,17,30,6,21
301,225,258,239,219,137,124,98,104,110,126,106,74,185,80,90,51,87,137,53,27,36,65,27,49,51,43,36,45,29,28,31,30,20,33,42,45,34,21,5,18,14,18,29,19,23,19,20,9,13
274,173,229,195,197,202,100,65,131,101,78,167,66,96,56,65,69,68,89,59,29,55,54,59,61,83,63,35,37,25,14,25,32,24,23,21,26,47,37,31,19,13,27,9,17,23,27,24,17,30
355,174,203,279,250,133,111,90,102,108,168,96,104,51,52,76,52,67,32,57,25,26,58,48,18,43,56,38,59,25,24,22,28,29,30,34,27,40,34,18,23,13,22,30,18,8,17,23,6,17
397,166,223,248,215,155,148,115,101,96,113,115,78,69,64,66,40,66,44,63,29,40,60,43,28,72,40,42,37,23,31,29,28,28,29,33,30,41,15,6,26,32,21,26,22,22,16,23,12,26
336,187,253,310,243,143,159,115,117,122,161,127,127,55,93,78,49,77,49,69,32,50,60,65,45,55,64,34,48,38,30,30,27,31,25,45,23,44,32,10,23,16,34,34,24,12,14,24,12,19
376,222,262,302,269,157,133,120,121,121,120,80,97,97,82,95,62,59,76,67,36,41,59,45,37,49,55,41,49,38,36,35,28,20,28,34,33,31,32,7,20,20,14,33,25,25,13,16,11,13
324,172,256,264,169,121,138,118,118,120,114,81,69,114,106,74,38,80,79,76,19,64,55,29,25,77,58,33,56,42,21,33,27,34,21,53,31,42,24,15,24,54,25,35,21,37,17,16,10,18
325,145,248,240,207,147,113,96,120,121,142,116,82,78,98,76,64,73,68,65,15,53,59,24,35,58,79,36,58,40,27,37,33,22,13,34,22,47,40,17,33,30,21,30,26,26,15,23,9,19
310,154,224,252,217,100,119,108,144,131,182,95,94,42,77,66,72,79,45,60,14,54,50,32,23,62,54,32,58,46,22,30,24,24,25,42,29,31,19,20,19,31,21,33,17,18,14,20,6,25
281,151,227,216,172,158,131,111,117,115,76,91,54,135,75,68,52,69,99,64,28,46,56,29,31,43,49,43,34,33,36,30,26,27,29,30,18,45,25,13,21,27,23,28,21,18,14,11,7,14
329,191,285,249,203,169,138,111,144,155,145,164,95,102,91,71,81,72,64,70,37,60,57,45,52,93,66,33,58,37,33,35,39,27,11,39,36,49,48,27,28,22,41,24,20,20,17,22,7,20
276,186,268,215,256,208,126,91,116,115,138,164,89,79,77,58,59,74,68,54,32,50,49,51,66,59,72,37,45,51,17,31,29,37,23,44,30,45,34,29,13,29,22,26,13,16,16,20,20,10
320,178,285,235,191,135,141,125,122,148,135,139,84,129,80,75,69,77,88,59,29,49,44,55,39,78,86,39,53,42,21,36,31,28,20,46,26,38,35,11,24,14,31,27,25,14,20,22,15,30
323,169,262,210,192,126,144,120,124,121,174,121,108,59,81,63,75,82,49,65,19,60,59,48,40,64,62,43,63,51,32,37,33,26,27,35,28,27,33,16,25,27,33,31,14,31,13,20,11,19
249,174,286,190,155,217,143,101,104,170,107,155,71,161,54,88,61,73,107,59,40,44,77,54,70,83,79,34,37,45,31,31,29,24,19,37,37,52,49,19,12,19,45,25,20,31,16,22,9,23
281,141,223,251,174,179,114,104,110,127,142,109,73,88,46,69,62,64,65,59,46,43,55,49,42,84,73,39,39,33,23,32,31,29,16,39,21,35,36,22,31,22,28,41,24,18,14,22,7,23
241,138,264,225,191,188,137,94,100,153,141,158,83,115,70,71,55,70,72,69,36,55,61,58,57,82,66,32,49,39,25,34,28,34,20,35,27,40,19,7,15,17,21,19,12,26,6,24,3,21
256,146,240,234,175,138,112,98,117,118,96,168,71,113,77,67,58,63,91,68,28,42,52,45,56,92,54,34,41,35,25,39,45,24,20,36,31,45,32,5,14,16,34,15,27,32,10,23,8,29
355,215,261,262,231,222,150,120,115,149,115,135,97,42,78,64,53,98,45,72,45,44,75,61,66,102,54,41,39,46,33,25,32,26,33,41,27,41,47,29,25,33,25,34,26,23,13,25,13,26
333,185,304,222,226,269,105,142,111,139,138,122,95,81,87,93,72,74,37,65,63,36,76,41,77,82,56,44,49,29,31,26,19,30,41,42,23,40,28,14,24,18,25,38,23,17,11,11,10,22
369,161,286,219,153,114,122,117,106,123,166,120,100,98,66,48,60,70,66,50,31,42,56,42,37,52,64,55,45,33,21,29,26,25,35,36,31,27,31,17,20,11,18,29,19,19,18,13,15,30
401,213,242,225,190,111,144,130,88,111,173,103,131,62,110,65,71,79,50,71,33,33,64,58,45,69,47,46,70,43,36,27,21,24,27,27,34,26,27,15,26,26,26,38,36,24,10,20,5,21
272,142,263,216,181,167,105,89,127,117,103,154,63,64,53,61,74,75,50,65,36,44,53,65,53,79,92,45,42,58,27,24,37,17,29,31,21,44,39,23,19,31,25,22,19,23,9,16,3,35
302,180,262,245,187,140,140,145,110,127,209,92,126,87,94,75,79,47,56,61,26,53,60,42,35,59,51,38,83,45,40,19,34,29,31,27,20,28,20,6,15,10,29,34,47,22,11,16,7,23
457,214,218,273,256,101,136,163,130,106,121,103,71,147,85,104,88,70,135,57,16,30,68,28,28,44,41,71,38,30,35,37,24,46,35,38,34,38,31,3,46,28,35,80,13,28,15,11,19,16
438,203,227,258,222,102,157,160,90,97,75,145,65,191,70,105,67,60,117,55,16,31,73,12,37,40,37,56,40,30,36,38,25,39,40,25,33,48,28,10,29,17,27,43,22,28,17,17,18,10
499,221,284,285,271,122,167,190,108,129,191,98,141,138,104,102,89,68,103,63,23,48,77,40,28,42,46,47,74,40,55,39,30,23,46,35,44,38,27,5,28,12,33,64,31,34,16,23,11,9
471,214,274,340,263,40,171,185,105,112,142,44,97,265,131,110,69,75,179,61,1,68,66,21,11,32,46,69,56,35,53,34,24,34,46,44,43,20,16,4,34,11,22,53,23,24,12,19,12,14
538,231,258,329,242,32,171,146,94,113,103,60,72,193,111,104,77,81,148,52,8,48,77,42,13,40,57,55,48,30,54,47,33,34,32,31,44,24,26,40,28,39,23,35,23,28,18,18,15,22
408,200,244,265,239,192,142,146,118,83,122,134,84,161,86,91,86,66,120,51,20,40,52,28,50,58,47,50,51,34,35,37,27,27,30,31,32,36,41,15,26,23,29,63,31,28,17,22,18,4
344,195,265,266,209,128,142,152,123,117,160,136,118,123,95,85,91,70,73,66,27,36,70,30,40,35,38,37,69,34,46,36,40,26,36,38,37,26,28,14,25,20,34,29,29,27,14,16,17,8
478,290,339,350,287,252,157,210,140,167,196,88,144,106,132,110,115,77,66,73,67,39,69,30,83,55,52,42,80,36,41,44,26,42,43,37,41,27,32,21,29,36,39,36,45,40,24,21,15,10
479,224,268,304,260,82,170,172,107,121,144,79,135,122,117,87,89,85,88,65,16,48,80,23,28,27,55,71,53,50,60,33,26,30,46,34,30,25,24,8,27,33,33,44,28,19,12,27,14,9
389,210,265,274,221,100,183,141,98,118,172,108,139,178,120,97,93,77,132,57,9,50,66,24,34,39,47,56,55,40,63,27,24,21,35,39,31,30,30,9,23,21,32,30,39,31,12,13,14,13
437,218,266,273,226,114,157,161,121,131,158,118,116,120,97,85,78,75,70,74,22,61,55,22,21,39,55,45,54,50,31,35,38,30,28,37,28,52,31,13,30,32,29,38,33,23,20,22,10,15
415,192,294,315,223,71,166,177,113,138,153,91,119,156,122,86,76,76,130,62,8,70,75,15,13,47,67,63,67,39,52,43,34,24,41,41,37,25,22,4,25,36,34,42,21,23,23,20,11,8
397,532,212,243,254,210,158,161,120,163,137,53,91,19,57,85,80,70,17,42,60,37,59,41,97,31,42,49,67,35,19,46,50,47,49,29,25,22,21,28,47,50,20,33,18,11,33,38,23,15
555,504,279,244,291,290,167,222,190,186,89,63,69,1,82,76,90,96,6,95,79,48,52,50,71,53,60,35,65,45,20,48,34,57,38,28,46,23,39,11,42,55,13,34,31,17,32,31,38,14
455,505,272,277,282,240,165,158,219,161,54,96,63,16,116,64,88,101,37,80,84,80,46,75,57,50,58,58,25,50,22,70,63,38,53,27,31,35,28,38,59,70,24,28,33,30,41,46,34,23
424,454,226,215,272,186,113,172,141,146,69,53,71,75,72,83,67,64,90,76,56,59,25,63,48,36,41,47,41,65,17,43,62,28,42,27,20,35,23,26,50,88,26,23,36,17,38,24,25,15
426,460,256,257,239,190,145,184,183,182,101,74,81,80,110,69,52,98,72,81,44,70,32,77,33,48,53,32,61,61,24,56,59,37,48,50,25,27,26,39,44,50,23,38,31,30,36,29,30,20
531,454,251,290,242,164,159,151,193,176,89,41,69,20,72,72,64,76,20,69,39,72,42,66,27,45,50,43,36,59,32,51,30,51,48,41,42,33,21,40,46,64,18,19,31,23,26,18,41,18
550,382,233,306,226,184,132,161,157,145,100,67,59,9,65,47,58,67,19,58,41,61,36,73,40,36,62,35,46,72,18,45,42,33,28,24,24,23,30,10,41,47,46,32,25,16,41,25,31,24
463,358,181,216,259,188,132,143,232,128,71,66,58,9,58,59,71,86,8,76,48,67,38,104,34,42,49,44,34,44,15,38,39,45,33,39,21,36,31,35,40,50,27,18,30,20,35,34,24,31
461,449,236,248,254,167,145,194,194,153,108,70,75,28,74,65,59,80,19,78,60,70,39,73,43,33,47,44,54,43,27,33,53,40,38,23,29,17,28,67,52,68,26,28,26,16,45,23,20,18
432,377,240,213,260,158,120,92,153,135,81,68,63,6,52,59,47,80,0,63,35,47,37,68,29,32,44,35,52,36,19,39,37,32,28,32,24,47,25,103,52,75,45,28,21,13,29,28,37,46
464,401,226,250,274,212,131,230,169,121,100,40,85,56,73,75,52,87,35,76,71,45,48,35,51,23,57,35,58,55,37,48,40,47,38,37,24,14,23,47,37,57,23,21,29,11,53,30,28,11
469,375,201,245,205,212,135,176,146,123,85,52,82,27,72,72,58,70,23,57,68,35,49,57,51,33,45,43,38,36,13,43,38,48,32,38,24,13,19,42,37,53,31,26,26,17,34,25,33,16
431,612,314,147,296,369,137,228,270,139,250,136,68,15,73,49,53,78,50,117,46,10,37,29,104,14,30,80,81,25,14,97,94,66,42,56,14,74,40,60,1,80,39,23,33,16,58,30,80,9
504,585,250,155,322,498,146,209,223,90,134,104,38,10,62,44,50,67,15,96,61,9,42,10,77,13,24,88,54,17,3,76,104,73,64,39,12,25,24,64,0,42,31,13,44,9,95,24,86,3
408,427,224,130,282,334,131,162,186,71,130,129,22,46,39,36,46,83,62,95,36,9,35,26,51,10,32,93,39,27,9,50,79,56,29,51,16,53,40,107,0,67,42,11,38,14,59,36,66,6
325,400,247,136,285,357,102,216,233,99,90,162,26,45,48,60,46,68,67,91,28,10,30,36,76,16,34,73,23,20,15,73,65,62,34,61,12,68,29,62,2,51,46,12,38,12,63,27,65,8
481,540,244,171,286,244,120,231,158,104,140,133,48,37,50,32,59,79,40,70,40,14,32,22,78,20,35,84,56,19,10,56,99,47,49,46,20,60,23,94,1,67,32,11,36,10,69,40,75,3
512,655,233,168,252,137,152,175,173,104,260,86,101,26,60,55,52,57,16,81,10,13,34,29,25,12,27,100,92,28,9,82,63,48,45,33,19,48,27,58,2,84,20,5,39,12,77,21,90,7
489,559,264,127,198,241,120,168,204,112,171,90,66,26,31,51,32,60,47,77,25,14,30,32,38,11,34,72,57,25,8,84,79,40,20,31,13,50,32,40,2,104,31,13,41,6,51,27,79,7
386,486,249,115,185,316,102,139,222,99,88,161,33,44,40,30,31,73,51,79,42,16,30,35,67,13,36,50,26,25,6,56,70,51,27,42,8,75,53,47,0,103,39,7,31,5,63,21,65,5
352,570,256,136,223,396,115,175,217,93,141,152,31,25,36,32,35,86,39,86,59,11,41,15,104,13,26,68,94,13,4,76,85,46,32,62,17,64,34,68,0,64,34,17,39,11,56,19,77,3
366,500,265,143,241,239,122,133,299,111,179,100,38,20,33,61,61,62,38,78,22,16,32,27,29,22,37,59,57,20,5,64,73,57,26,52,10,92,44,176,0,37,56,13,30,8,103,26,55,2
359,563,251,142,248,233,123,150,209,84,157,137,45,33,27,57,49,79,73,113,32,20,42,23,64,26,30,79,62,15,13,74,93,53,13,71,10,65,37,146,0,78,53,12,44,22,70,23,54,4
683,521,196,318,275,98,168,142,164,107,114,68,60,12,53,54,36,70,11,53,20,26,58,50,25,24,29,75,35,31,24,43,30,39,81,14,34,28,16,21,21,106,18,21,46,15,37,26,57,11
596,384,285,280,304,255,139,216,158,128,115,72,67,23,83,71,65,73,15,77,60,58,52,39,68,28,34,76,26,51,11,62,51,39,39,21,35,22,22,45,45,23,14,33,33,10,42,36,36,16
677,334,259,256,305,188,141,119,153,135,55,125,20,43,66,55,72,52,20,55,39,32,59,105,24,42,40,72,13,49,22,44,40,62,45,22,43,30,39,54,42,21,15,33,63,18,51,40,51,33
632,394,286,303,305,105,171,191,137,141,118,63,71,17,70,65,54,76,8,76,29,54,52,42,24,31,55,68,35,44,21,48,42,34,57,35,39,26,29,7,57,49,17,31,31,20,38,41,40,9
569,384,234,234,243,187,148,197,121,118,116,76,83,27,60,65,45,74,11,51,43,52,64,38,52,27,36,74,54,57,21,52,46,46,41,29,34,19,21,39,42,23,26,26,37,25,38,43,40,15
560,368,220,268,288,171,169,187,197,107,84,68,52,23,77,65,66,84,21,75,36,45,62,95,30,36,40,65,39,62,25,47,43,61,42,31,44,24,25,46,35,58,23,40,34,24,48,35,36,22
696,448,247,347,269,89,194,121,157,122,69,54,81,16,59,82,69,87,16,59,14,53,62,74,29,53,51,58,51,49,57,49,33,42,64,38,47,21,22,44,52,82,11,34,22,21,31,46,29,32
479,399,230,267,278,236,156,128,205,146,78,91,67,11,64,53,31,76,9,64,91,52,40,85,49,49,23,53,51,47,39,47,25,53,37,35,32,30,20,23,33,32,19,20,34,22,33,21,34,20
511,409,211,302,273,112,198,111,178,114,69,64,62,15,52,96,40,64,12,50,32,51,41,56,23,32,27,73,17,33,37,58,31,45,39,31,50,21,20,53,59,55,21,27,17,15,41,47,32,27
672,366,197,319,290,78,229,75,180,116,71,65,48,5,47,85,78,68,5,80,4,50,40,126,15,59,36,51,29,52,26,42,35,61,44,35,30,39,27,30,29,62,23,44,31,27,24,52,33,47
632,435,235,321,246,91,178,137,140,113,105,33,72,6,75,59,62,76,1,72,22,62,41,90,21,35,44,56,34,58,36,29,37,38,41,29,40,23,23,44,46,37,19,33,28,37,33,38,22,21
519,366,290,268,288,371,176,179,181,155,114,78,45,9,101,79,62,99,11,82,84,66,44,56,116,47,43,48,55,54,28,54,40,39,35,36,27,16,37,36,40,39,21,35,37,34,50,24,28,13
496,406,192,288,275,155,164,138,144,99,106,67,86,13,67,86,50,67,9,66,41,49,31,92,38,34,40,55,46,63,52,40,37,43,48,27,27,21,10,27,25,26,21,31,19,18,25,29,30,28
828,390,227,445,262,49,197,112,129,106,73,16,77,22,52,79,82,70,22,67,18,57,59,142,7,44,71,71,12,63,59,44,26,45,51,19,47,8,25,30,69,47,18,24,26,38,31,24,39,48
382,379,180,188,279,108,116,128,134,108,188,126,165,47,63,87,46,91,87,64,15,29,36,35,24,8,21,50,66,28,10,26,44,29,24,27,22,51,29,1,29,28,25,32,26,15,42,22,39,11
489,362,186,174,216,97,102,148,171,117,160,126,104,21,49,102,51,56,33,65,17,26,40,30,32,18,22,45,70,39,9,40,52,26,35,30,24,46,23,1,20,33,30,11,34,16,24,13,36,4
402,377,171,140,186,121,84,110,166,107,177,110,125,23,50,90,38,45,26,63,8,23,40,21,25,13,29,45,47,48,5,26,39,36,22,38,21,40,31,18,22,61,33,20,23,16,22,13,26,2
475,447,253,195,258,72,124,183,152,110,173,51,105,44,69,95,48,70,55,77,9,42,48,16,8,19,41,55,62,35,11,33,44,39,36,23,19,42,23,9,41,131,26,24,22,12,44,21,45,3
423,409,220,147,193,173,115,150,151,129,121,141,75,57,81,75,59,62,99,71,6,42,64,6,36,25,39,48,49,26,7,35,62,44,38,25,18,41,30,13,35,89,24,25,30,13,30,15,27,3
439,277,197,194,216,100,123,118,118,131,109,69,76,25,47,53,39,59,12,76,16,27,32,30,21,26,34,37,42,37,13,49,39,43,39,35,24,65,16,40,32,72,31,26,20,11,27,11,23,4
456,346,185,171,193,168,106,153,165,138,151,105,84,19,48,59,52,60,13,61,14,38,31,16,30,27,44,39,40,30,2,43,33,56,24,38,16,56,45,33,42,89,38,18,19,19,39,19,50,8
495,350,219,171,193,89,120,145,178,125,126,80,61,39,95,65,44,52,49,81,12,48,53,15,17,24,48,39,30,31,8,54,27,51,26,40,28,26,26,51,41,88,21,20,27,41,38,25,27,10
425,453,206,189,189,74,131,104,100,103,154,17,165,9,44,92,51,53,13,76,44,82,49,68,55,20,46,35,90,42,19,30,35,40,33,21,22,14,15,12,46,44,11,13,18,8,15,27,15,5
531,399,235,258,206,70,143,128,101,97,112,7,160,51,37,141,42,62,35,77,43,74,49,40,40,17,48,32,76,59,14,33,42,28,44,25,40,20,9,12,48,36,19,27,13,13,21,20,25,8
517,395,246,261,230,133,109,120,136,100,176,3,148,9,48,108,48,70,4,66,87,55,38,85,50,33,43,21,75,53,19,27,43,18,36,32,26,20,13,11,20,22,29,27,21,17,31,26,19,8
556,371,185,221,245,72,135,139,99,95,151,4,106,30,45,96,36,62,15,57,34,63,50,65,18,32,44,19,48,49,24,45,35,25,41,23,32,17,25,8,40,45,17,31,17,14,19,20,15,12
607,478,258,201,251,73,117,174,122,94,280,21,182,16,48,94,48,93,35,98,17,72,67,33,22,23,41,46,99,53,22,43,61,26,37,30,33,11,14,5,28,36,19,49,21,20,38,23,24,3
